{
  "integration_info": {
    "timestamp": "20250630_154010",
    "conversion_mode": "full_conversion",
    "validation_level": "comprehensive",
    "splitting_option": "A",
    "total_processing_time": "0:00:02.145890",
    "completed_steps": 5,
    "total_steps": 8
  },
  "configuration": {
    "max_users": 50,
    "target_genuine_ratio": 0.6,
    "splitting_ratios": {
      "train": 0.7,
      "dev": 0.15,
      "test": 0.15
    },
    "dry_run": false,
    "enable_backup": true
  },
  "processing_state": {
    "errors": [
      "Task 2 failed: 'detailed_analyses'"
    ],
    "warnings": [],
    "backup_paths": [
      "output/integration_20250630_154010/backups/system_backup_20250630_154010"
    ]
  },
  "results": {
    "task1": {
      "train": {
        "count": 25380,
        "size_bytes": 1585048649,
        "size_mb": 1511.620186805725,
        "size_gb": 1.476191588677466,
        "files": [
          "LA_T_3653923.flac",
          "LA_T_9203016.flac",
          "LA_T_7555561.flac",
          "LA_T_5726173.flac",
          "LA_T_8788751.flac",
          "LA_T_3203050.flac",
          "LA_T_7152560.flac",
          "LA_T_7061861.flac",
          "LA_T_4934153.flac",
          "LA_T_3380018.flac"
        ]
      },
      "dev": {
        "count": 24986,
        "size_bytes": 1591648453,
        "size_mb": 1517.9142503738403,
        "size_gb": 1.4823381351307034,
        "files": [
          "LA_D_2776056.flac",
          "LA_D_8676372.flac",
          "LA_D_4086358.flac",
          "LA_D_4407621.flac",
          "LA_D_6154817.flac",
          "LA_D_4490548.flac",
          "LA_D_8283819.flac",
          "LA_D_8863596.flac",
          "LA_D_7220301.flac",
          "LA_D_3476552.flac"
        ]
      },
      "eval": {
        "count": 71933,
        "size_bytes": 4462823332,
        "size_mb": 4256.079990386963,
        "size_gb": 4.1563281156122684,
        "files": [
          "LA_E_7338223.flac",
          "LA_E_9469091.flac",
          "LA_E_1788336.flac",
          "LA_E_6616286.flac",
          "LA_E_1222387.flac",
          "LA_E_9857612.flac",
          "LA_E_8885066.flac",
          "LA_E_1242986.flac",
          "LA_E_8854996.flac",
          "LA_E_9574938.flac"
        ]
      },
      "totals": {
        "total_files": 122299,
        "total_size_bytes": 7639520434,
        "total_size_mb": 7285.614427566528,
        "total_size_gb": 7.114857839420438
      }
    }
  }
}